{"lr": 0.0001, "data_time": 0.0003573894500732422, "loss": 0.2657966446131468, "time": 0.06652524471282958, "epoch": 1, "iter": 72, "memory": 3056, "step": 72}
{"accuracy/top1": 92.30769348144531, "data_time": 0.04936235480838352, "time": 0.07045012050204807, "step": 1}
{"lr": 0.0001, "data_time": 0.00040237903594970704, "loss": 0.27606955319643023, "time": 0.06557033061981202, "epoch": 2, "iter": 144, "memory": 3056, "step": 144}
{"accuracy/top1": 94.5804214477539, "data_time": 0.01930546760559082, "time": 0.041112510781539116, "step": 2}
{"lr": 0.0001, "data_time": 0.00041382312774658204, "loss": 0.29054601304233074, "time": 0.06491031646728515, "epoch": 3, "iter": 216, "memory": 3056, "step": 216}
{"accuracy/top1": 95.80419921875, "data_time": 0.019411162326210422, "time": 0.04094325868706954, "step": 3}
{"lr": 0.0001, "data_time": 0.00041248798370361326, "loss": 0.32270201593637465, "time": 0.06463749408721924, "epoch": 4, "iter": 288, "memory": 3056, "step": 288}
{"accuracy/top1": 95.10489654541016, "data_time": 0.019907813323171514, "time": 0.039645998101485405, "step": 4}
{"lr": 0.0001, "data_time": 0.0006071090698242188, "loss": 0.34598108381032944, "time": 0.06601965427398682, "epoch": 5, "iter": 360, "memory": 3056, "step": 360}
{"accuracy/top1": 95.10489654541016, "data_time": 0.0205169351477372, "time": 0.04229255726462916, "step": 5}
{"lr": 0.0001, "data_time": 0.00039958953857421875, "loss": 0.18799744844436644, "time": 0.06534757614135742, "epoch": 6, "iter": 432, "memory": 3056, "step": 432}
{"accuracy/top1": 94.93006896972656, "data_time": 0.019930676410072727, "time": 0.03929539730674342, "step": 6}
{"lr": 0.0001, "data_time": 0.0004049062728881836, "loss": 0.18155323900282383, "time": 0.06486828327178955, "epoch": 7, "iter": 504, "memory": 3056, "step": 504}
{"accuracy/top1": 94.93006896972656, "data_time": 0.023191125769364208, "time": 0.043909963808561624, "step": 7}
{"lr": 0.0001, "data_time": 0.0003996372222900391, "loss": 0.11406772197224199, "time": 0.06586236953735351, "epoch": 8, "iter": 576, "memory": 3056, "step": 576}
{"accuracy/top1": 95.97901916503906, "data_time": 0.020017824674907484, "time": 0.04037719023855109, "step": 8}
{"lr": 0.0001, "data_time": 0.0004004001617431641, "loss": 0.12708207257092, "time": 0.07456340789794921, "epoch": 9, "iter": 648, "memory": 3056, "step": 648}
{"accuracy/top1": 94.93006896972656, "data_time": 0.019017332478573446, "time": 0.040162739000822366, "step": 9}
{"lr": 0.0001, "data_time": 0.0004087209701538086, "loss": 0.15929784215986728, "time": 0.06580235958099365, "epoch": 10, "iter": 720, "memory": 3056, "step": 720}
{"accuracy/top1": 94.5804214477539, "data_time": 0.021151266599956312, "time": 0.04179962057816355, "step": 10}
{"lr": 0.0001, "data_time": 0.0003918886184692383, "loss": 0.15190139766782523, "time": 0.07498838901519775, "epoch": 11, "iter": 792, "memory": 3056, "step": 792}
{"accuracy/top1": 96.6783218383789, "data_time": 0.019559032038638468, "time": 0.04177419762862356, "step": 11}
{"lr": 0.0001, "data_time": 0.00042259693145751953, "loss": 0.28882987555116413, "time": 0.06447441577911377, "epoch": 12, "iter": 864, "memory": 3056, "step": 864}
{"accuracy/top1": 96.8531494140625, "data_time": 0.01897021343833522, "time": 0.04617378586216977, "step": 12}
{"lr": 0.0001, "data_time": 0.0004090785980224609, "loss": 0.07669076444581151, "time": 0.07534387111663818, "epoch": 13, "iter": 936, "memory": 3056, "step": 936}
{"accuracy/top1": 96.50349426269531, "data_time": 0.019362876289769224, "time": 0.04205137804934853, "step": 13}
{"lr": 0.0001, "data_time": 0.0004330158233642578, "loss": 0.24436258785426618, "time": 0.06517021656036377, "epoch": 14, "iter": 1008, "memory": 3056, "step": 1008}
{"accuracy/top1": 96.15384674072266, "data_time": 0.019258298371967516, "time": 0.040118945272345295, "step": 14}
{"lr": 0.0001, "data_time": 0.0004075765609741211, "loss": 0.27393043227493763, "time": 0.06513872146606445, "epoch": 15, "iter": 1080, "memory": 3056, "step": 1080}
{"accuracy/top1": 94.40559387207031, "data_time": 0.021905384565654554, "time": 0.043035042913336506, "step": 15}
{"lr": 1e-05, "data_time": 0.0006572246551513672, "loss": 0.10620060828514397, "time": 0.06553728580474853, "epoch": 16, "iter": 1152, "memory": 3056, "step": 1152}
{"accuracy/top1": 96.50349426269531, "data_time": 0.019841934505261873, "time": 0.0403465095319246, "step": 16}
{"lr": 1e-05, "data_time": 0.00040841102600097656, "loss": 0.08565343134105205, "time": 0.06581916809082031, "epoch": 17, "iter": 1224, "memory": 3056, "step": 1224}
{"accuracy/top1": 96.32867431640625, "data_time": 0.018951541499087687, "time": 0.039247525365729084, "step": 17}
{"lr": 1e-05, "data_time": 0.0004421710968017578, "loss": 0.06427530704531818, "time": 0.06414670944213867, "epoch": 18, "iter": 1296, "memory": 3056, "step": 1296}
{"accuracy/top1": 96.32867431640625, "data_time": 0.01977614352577611, "time": 0.04117970717580695, "step": 18}
{"lr": 1e-05, "data_time": 0.0004023313522338867, "loss": 0.1908420030027628, "time": 0.06478891372680665, "epoch": 19, "iter": 1368, "memory": 3056, "step": 1368}
{"accuracy/top1": 95.97901916503906, "data_time": 0.019991636276245117, "time": 0.04036166793421695, "step": 19}
{"lr": 1e-05, "data_time": 0.00043981075286865235, "loss": 0.046298579953145236, "time": 0.06461396217346191, "epoch": 20, "iter": 1440, "memory": 3056, "step": 1440}
{"accuracy/top1": 96.8531494140625, "data_time": 0.021078461094906454, "time": 0.04498488024661416, "step": 20}
{"lr": 1e-05, "data_time": 0.000400543212890625, "loss": 0.12221541479229928, "time": 0.06514785289764405, "epoch": 21, "iter": 1512, "memory": 3056, "step": 1512}
{"accuracy/top1": 96.6783218383789, "data_time": 0.019125737641987047, "time": 0.039644065656160056, "step": 21}
{"lr": 1e-05, "data_time": 0.0002586841583251953, "loss": 0.5212364187464118, "time": 0.04810967445373535, "epoch": 22, "iter": 1584, "memory": 3056, "step": 1584}
{"accuracy/top1": 96.50349426269531, "data_time": 0.022132835890117445, "time": 0.04168221825047543, "step": 22}
{"lr": 1e-05, "data_time": 0.00038552284240722656, "loss": 0.06615286832675338, "time": 0.05335438251495361, "epoch": 23, "iter": 1656, "memory": 3056, "step": 1656}
{"accuracy/top1": 96.15384674072266, "data_time": 0.018275210731907895, "time": 0.038324054918791116, "step": 23}
{"lr": 1e-05, "data_time": 0.0002594470977783203, "loss": 0.0642870137002319, "time": 0.04790775775909424, "epoch": 24, "iter": 1728, "memory": 3056, "step": 1728}
{"accuracy/top1": 96.8531494140625, "data_time": 0.01887395507410953, "time": 0.04203048505281147, "step": 24}
{"lr": 1e-05, "data_time": 0.00032110214233398436, "loss": 0.15372720025479794, "time": 0.049947047233581544, "epoch": 25, "iter": 1800, "memory": 3056, "step": 1800}
{"accuracy/top1": 96.8531494140625, "data_time": 0.021428735632645458, "time": 0.041459271782322935, "step": 25}
{"lr": 1.0000000000000002e-06, "data_time": 0.00025169849395751954, "loss": 0.041251693130470814, "time": 0.04815244674682617, "epoch": 26, "iter": 1872, "memory": 3056, "step": 1872}
{"accuracy/top1": 96.6783218383789, "data_time": 0.02091218295850252, "time": 0.04068217779460706, "step": 26}
{"lr": 1.0000000000000002e-06, "data_time": 0.0003412961959838867, "loss": 0.10307212644256651, "time": 0.048178482055664065, "epoch": 27, "iter": 1944, "memory": 3056, "step": 1944}
{"accuracy/top1": 97.02796936035156, "data_time": 0.01646734538831209, "time": 0.03804032426131399, "step": 27}
{"lr": 1.0000000000000002e-06, "data_time": 0.00025048255920410154, "loss": 0.05239097628509626, "time": 0.04783289432525635, "epoch": 28, "iter": 2016, "memory": 3056, "step": 2016}
{"accuracy/top1": 96.6783218383789, "data_time": 0.018805340716713352, "time": 0.041154673225001284, "step": 28}
{"lr": 1.0000000000000002e-06, "data_time": 0.0003793001174926758, "loss": 0.19215797875076532, "time": 0.0537755012512207, "epoch": 29, "iter": 2088, "memory": 3056,